"['./input/2.jpg', array([ -1.51553854e-01,   1.09370448e-01,   3.27717513e-02,
        -5.50776273e-02,  -1.51227236e-01,  -1.38999568e-02,
        -6.99771419e-02,  -8.35242271e-02,   1.43354908e-02,
        -7.17396140e-02,   2.86421984e-01,   2.82723214e-02,
        -2.33255371e-01,  -1.61864594e-01,  -9.85874049e-03,
         1.81007534e-01,  -1.83574215e-01,  -1.36791989e-01,
        -3.51188928e-02,  -5.43970540e-02,   9.47315618e-02,
         9.97010842e-02,   8.98307469e-03,   6.28794357e-02,
        -1.12053365e-01,  -3.34098518e-01,  -3.33361998e-02,
        -1.27218068e-01,  -5.75566255e-02,  -1.18151516e-01,
         2.40543578e-03,   1.18229464e-01,  -1.10758632e-01,
        -5.69561496e-03,   5.16718477e-02,   8.44149664e-02,
         1.03796013e-02,  -2.40351651e-02,   1.79056883e-01,
         5.38777933e-02,  -1.69300735e-01,   6.76702186e-02,
         7.57842585e-02,   3.34070504e-01,   2.30797455e-01,
         4.91838157e-03,  -1.04030594e-04,  -9.36036184e-03,
         1.97694585e-01,  -3.11119914e-01,   3.79465818e-02,
         1.07542723e-01,   2.09427088e-01,   1.36463363e-02,
         6.44335747e-02,  -1.22461610e-01,   1.47938207e-02,
         1.21269211e-01,  -2.63700247e-01,   6.00657053e-02,
        -3.38311158e-02,  -1.37648568e-01,  -3.44009213e-02,
        -1.02637619e-01,   1.95979968e-01,   1.03884228e-01,
        -1.84925959e-01,  -8.89271870e-02,   5.13614938e-02,
        -1.20765999e-01,  -1.85203329e-01,   6.55692145e-02,
        -1.94036514e-01,  -1.95454597e-01,  -3.74161333e-01,
         7.32731894e-02,   3.45665693e-01,   1.51377797e-01,
        -2.31427565e-01,   6.60811551e-03,   5.56069724e-02,
        -1.61967315e-02,   2.37543993e-02,   1.35242894e-01,
        -7.29230121e-02,  -6.35328293e-02,  -8.84823129e-02,
         2.86745708e-02,   1.66809112e-01,  -3.00481953e-02,
        -9.65298265e-02,   3.02552909e-01,  -1.52435824e-02,
         1.21945277e-01,   1.04423566e-02,   7.27983192e-02,
        -1.71885658e-02,  -4.29695398e-02,  -8.61693025e-02,
        -2.84302048e-04,   2.05727154e-03,  -1.08956151e-01,
        -1.64383948e-02,   1.00276075e-01,  -1.75762370e-01,
         1.01252273e-01,  -7.74865970e-02,   5.00744134e-02,
        -6.06272668e-02,  -4.60733138e-02,  -1.13146178e-01,
         3.92930657e-02,   9.08409432e-02,  -2.47925371e-01,
         2.22315833e-01,   2.35151887e-01,   4.22592647e-02,
         1.22748934e-01,   1.16363578e-01,  -6.99647516e-02,
        -2.52137519e-03,  -6.70230687e-02,  -1.58630520e-01,
        -1.04687274e-01,   1.67167529e-01,  -5.43858036e-02,
         6.57254308e-02,   5.88952284e-03])]","['./input/2.jpg', array([ -1.13880523e-01,  -7.45574571e-03,   4.42150086e-02,
        -6.78587109e-02,  -1.27684176e-01,   3.21453735e-02,
        -6.39145672e-02,  -1.26665175e-01,   1.41493812e-01,
        -3.82883102e-02,   2.13891938e-01,   3.60903963e-02,
        -1.39633805e-01,  -6.49598688e-02,   2.68915668e-04,
         6.32438809e-02,  -2.23239556e-01,  -1.11139923e-01,
        -7.97767937e-03,  -9.34440643e-02,   1.47164334e-02,
        -2.45365761e-02,  -2.53024306e-02,   8.45631659e-02,
        -1.47688508e-01,  -3.49752963e-01,  -1.14508055e-01,
        -8.52201357e-02,   3.78520489e-02,  -5.73628061e-02,
        -4.12891656e-02,   4.79477607e-02,  -1.73364341e-01,
        -2.29139999e-02,   1.06607880e-02,   1.18933216e-01,
        -2.25568414e-02,  -6.24495111e-02,   1.02934785e-01,
        -3.01935039e-02,  -1.37638077e-01,   1.07044823e-01,
         2.55838707e-02,   2.52743542e-01,   2.64134765e-01,
         7.98135623e-02,   4.14782204e-02,  -5.12480587e-02,
         1.64929837e-01,  -2.33562067e-01,   1.15311496e-01,
         1.85248673e-01,   9.22066718e-02,  -2.03057081e-02,
         3.38545293e-02,  -1.67295337e-01,  -7.61841163e-02,
         1.23317301e-01,  -1.33043543e-01,   8.42841268e-02,
         3.31367925e-02,  -6.89705461e-02,   4.21439372e-02,
        -9.13488418e-02,   1.43569961e-01,   1.87910840e-01,
        -1.13552041e-01,  -1.23481676e-01,   1.87614694e-01,
        -1.60783812e-01,  -8.44560117e-02,  -4.63239253e-02,
        -1.81651399e-01,  -2.08171695e-01,  -3.04377109e-01,
         6.36873692e-02,   4.75868672e-01,   1.45068169e-01,
        -2.18782559e-01,  -1.00396574e-05,  -9.83293802e-02,
         2.86698304e-02,   9.05420110e-02,   1.05175175e-01,
        -2.92622671e-02,  -9.06427428e-02,  -1.43691465e-01,
         1.52825005e-02,   2.29019657e-01,   2.42509749e-02,
        -3.37060876e-02,   1.80132583e-01,   2.69959830e-02,
         2.16011927e-02,   5.23848943e-02,   9.77568254e-02,
        -1.10608377e-01,   1.93477012e-02,  -1.62766322e-01,
        -3.01115401e-03,  -8.03294778e-02,  -2.45777145e-02,
         1.20082684e-02,   1.54849827e-01,  -1.61466330e-01,
         2.22662881e-01,   2.13956088e-02,  -1.32224355e-02,
        -4.65741940e-02,  -1.00025674e-04,  -4.28935885e-02,
        -1.66837256e-02,   1.36310488e-01,  -2.49416709e-01,
         1.73468530e-01,   1.84740126e-01,   9.01744813e-02,
         2.37478986e-01,   6.04227744e-03,   8.68069753e-02,
        -1.58330221e-02,  -3.08989864e-02,  -1.66415527e-01,
        -6.06924370e-02,  -5.89721501e-02,  -1.73408575e-02,
         2.37005558e-02,   9.78958458e-02])]","['./input/2.jpg', array([ -1.01865575e-01,   4.23395075e-02,   4.65330370e-02,
        -7.88517594e-02,  -2.29954556e-01,   1.05556674e-01,
        -3.63359712e-02,  -3.04535870e-02,   6.34633452e-02,
        -1.40658692e-01,   2.66241640e-01,  -1.81468818e-02,
        -2.65771359e-01,  -7.38496780e-02,  -3.34758870e-03,
         1.18119083e-01,  -8.73144493e-02,  -1.74156964e-01,
        -5.57168275e-02,  -7.24378750e-02,  -3.16495933e-02,
         1.08162537e-01,  -4.24296185e-02,  -9.23199300e-03,
        -9.55248177e-02,  -3.76510352e-01,  -5.70869371e-02,
        -1.38545334e-01,   7.05041960e-02,  -1.65957689e-01,
         3.58416699e-04,   1.09490708e-01,  -8.20221677e-02,
         2.12975182e-02,   4.52846587e-02,   6.97598383e-02,
        -1.05686843e-01,  -2.63834503e-02,   1.97296768e-01,
         6.99968860e-02,  -2.05224946e-01,   3.07219140e-02,
         4.69087437e-02,   3.12620312e-01,   1.26728803e-01,
        -8.01329501e-03,   6.32034913e-02,  -1.09351188e-01,
         1.02748916e-01,  -2.36757636e-01,   7.90404528e-02,
         1.77506730e-01,   1.66260466e-01,   6.21839166e-02,
         1.00514390e-01,  -9.69546884e-02,   3.76964509e-02,
         5.52338846e-02,  -1.99201539e-01,   7.55482018e-02,
         6.11818172e-02,  -4.88401577e-02,  -6.21043853e-02,
        -7.16728792e-02,   1.81486785e-01,   2.66514495e-02,
        -5.62117472e-02,  -2.02601776e-01,   1.81610793e-01,
        -1.85974926e-01,  -1.81382954e-01,   1.57808229e-01,
        -1.22719198e-01,  -1.68819666e-01,  -2.08278298e-01,
         5.90202808e-02,   3.03774834e-01,   1.76668897e-01,
        -1.69720590e-01,   6.98330775e-02,   9.78456531e-03,
        -1.09738819e-01,   3.56852524e-02,   1.25884593e-01,
        -5.21299616e-02,  -3.30232829e-02,  -4.12909687e-02,
         3.01797297e-02,   2.09242091e-01,  -7.63870180e-02,
         2.23128963e-02,   2.16690332e-01,   9.62512791e-02,
         3.28921378e-02,   8.89993459e-02,   2.68664304e-02,
        -4.44328114e-02,  -3.70408595e-02,  -1.06530264e-01,
        -6.79136962e-02,   2.00203992e-02,  -1.06886022e-01,
        -2.05991268e-02,   6.60119355e-02,  -2.18303233e-01,
         2.52965093e-01,  -6.15556762e-02,  -6.30271286e-02,
        -2.65070125e-02,  -7.85179138e-02,  -5.93668688e-03,
         3.29331830e-02,   1.82622150e-01,  -2.81547964e-01,
         1.63470328e-01,   1.95516706e-01,   1.14694469e-01,
         1.08959921e-01,   1.02413796e-01,  -2.60311067e-02,
         4.27891966e-03,  -1.05051354e-01,  -2.14032099e-01,
        -1.10495761e-01,   5.31653054e-02,  -9.75201577e-02,
        -7.30236471e-02,   1.06566101e-02])]","['./input/2.jpg', array([-0.07934065,  0.10645495,  0.1110803 , -0.13730486, -0.14332341,
        0.0259011 , -0.02776898,  0.0095539 ,  0.18612118, -0.15222457,
        0.18729013, -0.03567001, -0.27516383, -0.0212517 , -0.00575811,
        0.19138615, -0.20009093, -0.11859015, -0.04169478, -0.07724422,
        0.16450986,  0.02571954, -0.01430279,  0.11627498, -0.19021352,
       -0.38292786, -0.04447571, -0.07890981, -0.00125403, -0.12557524,
        0.03001933,  0.02599595, -0.19341263,  0.02221005, -0.06635572,
        0.0359377 , -0.07833911, -0.11611924,  0.18350187,  0.0786052 ,
       -0.29486895,  0.0048967 ,  0.02957961,  0.26480505,  0.21801907,
        0.03316206,  0.0828833 , -0.00673136,  0.18927954, -0.330367  ,
       -0.02302137,  0.20381472,  0.02308022,  0.01435289,  0.11734203,
       -0.12156568,  0.02783636,  0.12937129, -0.23384586,  0.07823297,
        0.07574978, -0.1483441 , -0.00762317, -0.06407118,  0.20241377,
        0.00106041, -0.17693369, -0.10419998,  0.22237374, -0.13534357,
       -0.00938302,  0.17054228, -0.13129014, -0.21998605, -0.27725354,
        0.0544416 ,  0.42625639,  0.17817634, -0.09198091,  0.05150696,
       -0.11484623,  0.02780759,  0.05402639,  0.18669504,  0.052076  ,
       -0.01241051, -0.12492223,  0.08738909,  0.14585914, -0.04333368,
        0.03378969,  0.34256703,  0.05890287, -0.01706209, -0.05685937,
        0.1242185 , -0.21169788, -0.01732114, -0.06490062, -0.00758374,
        0.04874722, -0.03807987, -0.00901682,  0.09621682, -0.18301526,
        0.18317813, -0.07190961, -0.00391262, -0.07024188, -0.03288017,
       -0.08561379, -0.01662183,  0.07396594, -0.29774162,  0.06841809,
        0.2077021 , -0.00490351,  0.10712914,  0.0588425 ,  0.02593885,
        0.00469409, -0.15068357, -0.20534088, -0.09907972,  0.02478655,
       -0.04507198,  0.01615529, -0.01803803])]","['./input/2.jpg', array([ -1.59871832e-01,   8.59848857e-02,   6.32566512e-02,
        -1.07950404e-01,  -1.94853961e-01,  -1.28143337e-02,
         3.37677076e-04,  -7.93118402e-02,   1.09514624e-01,
        -6.24870248e-02,   2.17360616e-01,  -7.93928951e-02,
        -3.75811428e-01,  -1.98895000e-02,  -3.33302170e-02,
         1.97958678e-01,  -1.33036986e-01,  -5.35380319e-02,
        -3.19813788e-02,   4.89127822e-02,   1.41750336e-01,
         5.04641682e-02,   9.16398764e-02,   1.43167600e-01,
        -2.15624534e-02,  -4.17884439e-01,  -6.63631782e-02,
        -5.80731072e-02,  -6.90537393e-02,  -4.04841267e-02,
        -3.09990887e-02,   7.21865427e-03,  -2.07459942e-01,
        -4.31312211e-02,   4.60720137e-02,   1.11452661e-01,
        -6.58162236e-02,  -1.50330499e-01,   1.83440149e-01,
        -4.20090416e-03,  -2.18402117e-01,  -1.45227537e-02,
         8.31390694e-02,   1.93469301e-01,   1.74799755e-01,
         3.09263878e-02,   9.86915380e-02,  -1.28878459e-01,
         1.04209803e-01,  -3.21262240e-01,   3.13872546e-02,
         1.44217163e-01,   2.34751292e-02,  -5.58558032e-02,
         1.02705859e-01,  -2.14321464e-01,   2.23032050e-02,
         1.77049816e-01,  -2.21946985e-01,   3.03659774e-02,
         9.19719338e-02,  -2.49739382e-02,  -9.88611020e-03,
        -1.08459927e-01,   2.48460308e-01,   8.25671703e-02,
        -1.72415376e-01,  -8.88886750e-02,   2.15453461e-01,
        -1.35237083e-01,   1.07580610e-02,   5.27381599e-02,
        -1.60265431e-01,  -2.63216078e-01,  -2.32012868e-01,
         4.42547388e-02,   3.77588123e-01,   1.92368776e-01,
        -1.74817711e-01,   2.42560785e-02,  -1.26991481e-01,
         5.47315292e-02,   1.96998417e-02,   1.04285553e-01,
         2.33773589e-02,   1.86073594e-03,  -1.80494562e-01,
         4.21591811e-02,   1.56976134e-01,  -5.81363812e-02,
         7.21948147e-02,   3.68822455e-01,   6.94531873e-02,
        -3.14081311e-02,   5.37519529e-02,   6.37355223e-02,
        -1.67873263e-01,  -5.63660301e-02,  -2.12962300e-01,
        -1.89042576e-02,  -2.94090603e-02,  -1.20995268e-01,
         5.70244342e-03,   1.08370319e-01,  -2.41634890e-01,
         6.88038319e-02,  -9.90966484e-02,  -9.22172070e-02,
        -8.98641869e-02,  -1.36521161e-01,  -1.02189347e-01,
         1.76827107e-02,   1.02701537e-01,  -2.36020327e-01,
         1.49936557e-01,   1.40542552e-01,   5.33661917e-02,
         1.89256147e-01,   6.85464814e-02,   7.30049312e-02,
         3.13567370e-02,  -1.28474161e-01,  -1.68383405e-01,
        -8.12360123e-02,   8.17030519e-02,  -2.23349668e-02,
         5.20237982e-02,   1.00416522e-02])]","['./input/2.jpg', array([ -1.04998246e-01,   7.23332763e-02,  -2.61520129e-03,
        -5.90047613e-02,  -1.51847959e-01,  -1.75802000e-02,
        -4.73912805e-05,  -8.47383142e-02,   1.09203100e-01,
         8.31493922e-03,   1.49174467e-01,  -3.99676617e-03,
        -2.46143937e-01,  -1.08125769e-01,   5.00504933e-02,
         1.82961211e-01,  -1.23754837e-01,  -2.39658639e-01,
        -1.58875296e-03,  -3.40755582e-02,  -2.19685435e-02,
         3.04209422e-02,  -6.36783242e-02,   1.07202142e-01,
        -1.33757561e-01,  -3.52225721e-01,  -2.64049508e-02,
        -7.12557361e-02,  -3.22917849e-02,  -8.06849003e-02,
         6.30689971e-03,   2.05436036e-01,  -1.95101812e-01,
         1.53286476e-02,   7.24542439e-02,   1.34481132e-01,
        -3.59798707e-02,  -3.03472187e-02,   2.02683091e-01,
         6.55485019e-02,  -2.38904759e-01,   1.14193344e-02,
         9.22303423e-02,   3.37874055e-01,   2.61708111e-01,
         2.16617826e-02,   1.04663707e-02,   5.51090017e-03,
         1.10246867e-01,  -2.80046999e-01,   1.07310787e-02,
         1.81172878e-01,   4.27553281e-02,   5.07246256e-02,
        -4.25385870e-02,  -1.98411793e-01,   3.57748494e-02,
         2.99700536e-02,  -3.35224539e-01,   7.56547228e-03,
         3.55383493e-02,  -1.66315153e-01,  -3.96507345e-02,
        -5.32069840e-02,   2.93766141e-01,   1.19807869e-01,
        -1.26289517e-01,  -1.49486393e-01,   1.65472463e-01,
        -2.36840814e-01,  -9.31057185e-02,   3.68752778e-02,
        -1.67003885e-01,  -1.56122312e-01,  -3.50200355e-01,
         6.47521541e-02,   3.15555930e-01,   9.64368880e-02,
        -1.57651842e-01,   7.72733390e-02,   2.25548204e-02,
        -1.55512718e-02,   5.89497276e-02,   1.10394128e-01,
        -2.95215696e-02,  -7.51275867e-02,  -1.03078157e-01,
         4.34086844e-03,   2.68040299e-01,   1.85840037e-02,
        -1.60258226e-02,   2.17763975e-01,   1.28912954e-02,
         7.50658382e-03,   3.12672257e-02,   9.45482552e-02,
        -1.15903942e-02,  -7.82372244e-03,  -1.35919496e-01,
         2.08667554e-02,  -5.39725833e-02,  -8.52061659e-02,
         3.53072584e-02,   1.73703432e-01,  -2.00838715e-01,
         1.58966959e-01,  -6.00711070e-03,   8.15655105e-03,
        -8.96170586e-02,  -2.97739990e-02,  -9.61936861e-02,
        -5.14641777e-02,   1.05921954e-01,  -2.67819852e-01,
         2.73726135e-01,   1.76078260e-01,   5.89715801e-02,
         9.99750420e-02,   2.20353343e-02,   2.05867738e-02,
        -2.64088437e-02,  -6.43023551e-02,  -1.63986042e-01,
        -5.09347767e-02,   8.96969661e-02,  -6.97144270e-02,
         5.33435792e-02,   8.50557685e-02])]","['./input/2.jpg', array([-0.18356468,  0.12250511,  0.04790228, -0.08601765, -0.17231116,
       -0.03534888, -0.03234676, -0.13295782,  0.12459151, -0.09187757,
        0.2228958 ,  0.02411324, -0.29879907,  0.01216463,  0.08848865,
        0.1299841 , -0.16883974, -0.18513376, -0.11826196, -0.07242757,
        0.01530287,  0.03510929, -0.01578321,  0.1048999 , -0.1411303 ,
       -0.29178682, -0.0657735 , -0.04756394,  0.06854424, -0.13266082,
       -0.04561195,  0.01280027, -0.12249306, -0.03720126,  0.05641587,
        0.09640183, -0.03325693, -0.14579856,  0.23133901,  0.00567196,
       -0.24550998, -0.06478639,  0.09702276,  0.26229417,  0.20581929,
       -0.00941317,  0.08520926, -0.07017735,  0.13489154, -0.27542076,
        0.11568132,  0.1652568 ,  0.0970201 ,  0.1025406 ,  0.04876093,
       -0.21882737,  0.00466789,  0.20482415, -0.1638581 ,  0.06517064,
        0.15603377, -0.11157826, -0.00502803, -0.07199864,  0.18653442,
        0.09664878, -0.12290316, -0.13970119,  0.16867444, -0.1451683 ,
       -0.20390126,  0.03496873, -0.15930368, -0.1712542 , -0.33847487,
        0.02836292,  0.37204975,  0.20691989, -0.14918324, -0.014097  ,
       -0.0731929 , -0.04203328, -0.01444774,  0.08187418, -0.09000214,
       -0.05365746, -0.10905375,  0.05554992,  0.2844193 ,  0.0715716 ,
        0.01356046,  0.22681832,  0.09461259, -0.02550844,  0.02924742,
        0.14375432, -0.10076967, -0.07951031, -0.12762448, -0.03907114,
       -0.00454826, -0.09079899,  0.01447295,  0.20356125, -0.2994346 ,
        0.23832531,  0.00090069, -0.02529911, -0.06708794, -0.00078391,
       -0.02763151,  0.00951752,  0.12291811, -0.21785271,  0.15130371,
        0.2696496 ,  0.15359086,  0.13131627,  0.02991089,  0.01088901,
        0.02325141, -0.05889878, -0.18726665, -0.12826049,  0.03490167,
       -0.01573333,  0.04062156,  0.13418621])]","['./input/1.jpg', array([-0.18598342,  0.04505103,  0.0897256 , -0.06097651, -0.11225984,
       -0.02274622,  0.00819125, -0.10951309,  0.11373829, -0.07725623,
        0.22598307, -0.0099742 , -0.25863779, -0.09952448, -0.06140636,
        0.04118158, -0.09614816, -0.14212334, -0.10712031, -0.13608368,
       -0.01941264,  0.00856607,  0.07984409,  0.0276237 , -0.20436114,
       -0.34329534, -0.13090514, -0.09309147,  0.06233367, -0.05948891,
        0.03304099,  0.0725057 , -0.18205714, -0.12926964,  0.02525543,
        0.05449453, -0.04441046, -0.0368406 ,  0.24026445, -0.01096725,
       -0.11745283,  0.06997618,  0.07497282,  0.35628846,  0.18176511,
        0.04684021,  0.05817983, -0.02662675,  0.15006146, -0.30380365,
        0.09890525,  0.14727435,  0.19462514, -0.01801231,  0.15084249,
       -0.01195589,  0.01786785,  0.22275047, -0.18027836,  0.18535389,
        0.10020295, -0.12463254, -0.04444262, -0.09566038,  0.17201081,
        0.05807856, -0.15581056, -0.10446864,  0.16362181, -0.1313515 ,
       -0.0468815 ,  0.13539566, -0.07227276, -0.17646378, -0.26545423,
        0.13723922,  0.44699889,  0.24159046, -0.16953751,  0.01164458,
       -0.1157534 , -0.00355459,  0.02439673,  0.053746  , -0.09805971,
       -0.11213821, -0.12638716,  0.00472853,  0.19656606,  0.0509639 ,
       -0.07530787,  0.24239753,  0.07413229,  0.0304372 ,  0.00986483,
        0.04631332, -0.21230546, -0.05033159, -0.10636118,  0.02006865,
        0.04840887, -0.02916402,  0.0208139 ,  0.07869126, -0.11924866,
        0.20887509, -0.09785017, -0.03055407, -0.0048865 , -0.05412049,
       -0.05496091,  0.02372857,  0.09241875, -0.33225653,  0.11546899,
        0.1533246 ,  0.03438007,  0.13887519,  0.11941811, -0.04088352,
        0.05388596,  0.02297322, -0.12563694, -0.18438393,  0.07742773,
       -0.12617293,  0.10447005,  0.01155832])]","['./input/1.jpg', array([-0.11353048,  0.08756448,  0.10307628, -0.02860466, -0.09035159,
       -0.07432206, -0.00399421, -0.02770064,  0.06830945,  0.02082926,
        0.12482166, -0.06849899, -0.2932339 , -0.05196797,  0.0428917 ,
        0.06142788, -0.13534123, -0.06664895,  0.00104477, -0.02855498,
        0.12606144,  0.01711958,  0.00507953,  0.08003146, -0.10678695,
       -0.37729892, -0.04293212, -0.07583347,  0.03552505, -0.06097951,
        0.07450539,  0.06068392, -0.15171291, -0.03170742,  0.00684499,
        0.09980447, -0.06783685,  0.02570799,  0.20391206,  0.02459388,
       -0.1480764 , -0.03745725,  0.01343348,  0.31173101,  0.17954682,
        0.05200194,  0.07295832, -0.07735325,  0.13699594, -0.31647924,
        0.04005932,  0.19519128,  0.1022579 ,  0.08449137,  0.06894906,
       -0.08999418,  0.06380834,  0.13065346, -0.31335127,  0.20692281,
        0.11307117, -0.16497512, -0.02702279, -0.05102852,  0.17641327,
        0.04606529, -0.12244597, -0.1209659 ,  0.11535294, -0.23799199,
       -0.07943204,  0.09449703, -0.04363499, -0.17625894, -0.30963188,
        0.02069644,  0.26691854,  0.15928636, -0.22417609, -0.033355  ,
       -0.07478876, -0.01478674,  0.12943427,  0.08362039, -0.02773737,
       -0.06170459, -0.13657324,  0.02158106,  0.16818216, -0.05054893,
        0.05227943,  0.27685139,  0.09082201,  0.05601512,  0.00986137,
        0.0728896 , -0.14748406, -0.0124194 , -0.13393986, -0.00309759,
        0.00241718, -0.11227744,  0.05982338,  0.05334892, -0.19452964,
        0.23352012, -0.02577492, -0.02614937, -0.02628039, -0.08931555,
       -0.11486623, -0.0269183 ,  0.17162095, -0.23433533,  0.20252813,
        0.20146744,  0.03045543,  0.10567623,  0.00218886,  0.04831399,
       -0.02765466, -0.09096973, -0.10779728, -0.02151985,  0.00684067,
       -0.04151513, -0.04259852, -0.01481588])]","['./input/1.jpg', array([ -6.60532061e-03,   2.35895403e-02,  -1.32018887e-02,
        -3.81467044e-02,  -1.79546207e-01,  -3.09176743e-02,
         6.19007647e-03,  -1.02839842e-01,   2.16383159e-01,
        -4.74377424e-02,   1.40156314e-01,  -9.08019543e-02,
        -3.29351097e-01,   1.67760123e-02,  -9.54502225e-02,
         1.35943532e-01,  -9.34371129e-02,  -1.50819719e-01,
        -1.63450167e-02,  -3.16533213e-03,   2.04178598e-02,
         3.95088457e-03,   6.17542937e-02,   8.49700272e-02,
        -8.06934237e-02,  -3.67354035e-01,  -8.42065737e-02,
        -7.94033334e-02,  -2.98211016e-02,  -5.04519269e-02,
         4.74978611e-02,   1.46458596e-01,  -9.86908376e-02,
        -4.61394563e-02,   6.60593212e-02,   1.04414355e-02,
        -1.00594550e-01,  -1.05390072e-01,   3.19127023e-01,
         2.03461908e-02,  -2.51477391e-01,  -4.08453830e-02,
         4.65287790e-02,   2.93953776e-01,   1.68811366e-01,
         1.80807896e-04,   1.16887473e-01,  -1.01515546e-01,
         1.19499147e-01,  -3.77505183e-01,   1.93478689e-02,
         1.66090280e-01,   4.60142642e-02,  -5.28947711e-02,
         7.97673315e-02,  -2.07092345e-01,  -4.29261327e-02,
         1.72197253e-01,  -1.98612526e-01,   1.45548508e-01,
         8.21401253e-02,  -1.07322790e-01,  -5.42895533e-02,
        -6.57957047e-02,   2.53709197e-01,   8.44462067e-02,
        -1.48262411e-01,  -1.48229152e-01,   2.52789229e-01,
        -2.04790428e-01,  -1.68524496e-02,   1.34776980e-01,
        -1.02643922e-01,  -2.60174423e-01,  -2.58669585e-01,
         3.13824695e-03,   4.35638368e-01,   1.21598281e-01,
        -1.26875550e-01,   3.85693684e-02,  -1.00958005e-01,
         6.22088574e-02,   4.04506773e-02,   1.24298520e-01,
         9.34607349e-03,  -8.70026946e-02,  -1.79733545e-01,
        -6.32881224e-02,   2.23478407e-01,  -1.05580017e-01,
        -4.50427867e-02,   2.69580722e-01,   5.23454919e-02,
         2.87460350e-02,   3.07657197e-03,   9.39389095e-02,
        -1.27350211e-01,  -4.30882163e-03,  -1.64155394e-01,
         2.00446062e-02,   3.16770934e-02,  -3.86180244e-02,
         3.84625569e-02,   1.23951167e-01,  -1.57692924e-01,
         1.10471077e-01,  -8.74432921e-02,  -5.25873713e-02,
        -1.59077030e-02,  -7.38085657e-02,  -6.97610602e-02,
        -4.72985841e-02,   1.72304034e-01,  -3.11988413e-01,
         1.10210262e-01,   1.15129471e-01,   5.92103302e-02,
         1.65357843e-01,   2.83474289e-02,   3.50579992e-02,
         6.30512014e-02,  -8.24085325e-02,  -1.86021402e-01,
        -6.58317879e-02,  -1.66946407e-02,  -3.87666840e-03,
        -6.16704822e-02,   3.37853618e-02])]","['./input/1.jpg', array([ -1.38062492e-01,   9.10642743e-02,   1.04152076e-01,
        -6.50622472e-02,  -1.22476198e-01,   5.08098118e-02,
        -4.21966016e-02,  -6.90722391e-02,   1.21965207e-01,
        -9.35088173e-02,   2.68062711e-01,  -1.00436926e-01,
        -3.28615308e-01,   4.56622094e-02,  -7.44362622e-02,
         1.83174476e-01,  -1.85122326e-01,  -6.60148263e-02,
        -4.21654470e-02,   7.57647399e-03,   7.71160647e-02,
         6.63524270e-02,   4.98823710e-02,   2.25926898e-02,
        -1.02567181e-01,  -3.25807661e-01,  -7.16448724e-02,
        -4.87858728e-02,  -5.99531122e-02,  -7.16036931e-02,
        -7.97209144e-03,   1.01555645e-01,  -9.25225392e-02,
         5.97615354e-02,   3.95501815e-02,   4.11192626e-02,
        -6.20625168e-02,  -1.08986929e-01,   2.42977679e-01,
         1.40486993e-02,  -1.88392818e-01,  -2.43747644e-02,
         9.09441561e-02,   2.13317007e-01,   2.37481058e-01,
        -2.66233608e-02,  -3.14957425e-02,  -8.04346949e-02,
         1.50871038e-01,  -3.81682843e-01,   3.05370390e-02,
         1.77073553e-01,   9.77238417e-02,   8.29883143e-02,
         1.34754837e-01,  -1.18267730e-01,  -5.15517592e-03,
         1.24152578e-01,  -2.04503253e-01,  -2.43545463e-03,
        -2.41107233e-02,  -4.52212915e-02,   9.54557024e-03,
        -9.84522402e-02,   1.73905551e-01,   1.28719077e-01,
        -1.57603890e-01,  -1.40979230e-01,   1.51091263e-01,
        -1.12758532e-01,  -6.12675473e-02,   1.58067554e-01,
        -1.42114878e-01,  -2.65815884e-01,  -1.98910907e-01,
         4.21643928e-02,   3.15056562e-01,   1.41414687e-01,
        -1.83931038e-01,   4.43038233e-02,  -1.02148519e-03,
        -1.32361874e-01,  -1.94298513e-02,   1.27651691e-01,
         1.27966590e-02,  -3.57910693e-02,  -7.73446485e-02,
         6.75145537e-04,   1.85059905e-01,  -1.19861446e-01,
        -1.52574461e-02,   3.68106008e-01,   2.37650685e-02,
        -1.25378249e-02,   4.91472818e-02,   1.03887923e-01,
        -6.99071884e-02,  -4.59841639e-02,  -1.73804492e-01,
        -6.76292852e-02,   2.17028987e-02,  -5.06639332e-02,
        -5.45133650e-02,   6.16341531e-02,  -1.75978124e-01,
         1.45668387e-01,  -8.31502303e-02,  -4.73016948e-02,
        -6.61669448e-02,  -1.67681247e-01,  -4.65194657e-02,
         6.16189539e-02,   1.51556447e-01,  -3.00765812e-01,
         1.08380280e-01,   7.74087459e-02,  -5.58150653e-03,
         1.42868072e-01,   2.20369287e-02,   2.58040112e-02,
         5.35445660e-02,  -5.85846603e-02,  -9.05044153e-02,
        -1.08684160e-01,   8.96038264e-02,   4.19579446e-05,
        -3.98312174e-02,  -5.12561435e-03])]","['./input/1.jpg', array([-0.14568666,  0.06069296,  0.08993694, -0.0268217 , -0.08227573,
        0.06549799, -0.04831772, -0.08139213,  0.15309487, -0.18140242,
        0.23526096, -0.09935708, -0.23006266, -0.06288473, -0.0112602 ,
        0.07493937, -0.12363187, -0.14207962, -0.00495626, -0.04650389,
        0.05224052, -0.01981683,  0.01334871,  0.03365763, -0.17967103,
       -0.36100212, -0.15583679, -0.12549487,  0.01912691, -0.10842014,
       -0.03332725, -0.02303426, -0.16257337, -0.06655578, -0.02581576,
        0.02224035, -0.02468887,  0.02243696,  0.26215538, -0.02014159,
       -0.16623053,  0.06346615,  0.0305264 ,  0.27597341,  0.15014933,
        0.09142957, -0.02189737,  0.02212666,  0.10763694, -0.30898365,
        0.04581476,  0.1615871 ,  0.15947758,  0.03158733,  0.06717148,
       -0.08269414, -0.02571283,  0.0977422 , -0.20635527,  0.17870843,
        0.0364718 , -0.1292686 ,  0.02088591,  0.00945739,  0.23613416,
        0.11748699, -0.13523729, -0.15922768,  0.1305961 , -0.19383958,
       -0.00897353,  0.12118874, -0.07741798, -0.20959711, -0.2292577 ,
        0.06855037,  0.46417135,  0.14155014, -0.18393873,  0.04827475,
       -0.08277765, -0.08280592,  0.05096989,  0.10344013, -0.01625713,
       -0.02221518, -0.05359762,  0.00125124,  0.21258025, -0.01707675,
       -0.04602361,  0.24817115,  0.0053683 ,  0.10145764,  0.06147673,
        0.03948503, -0.08514476, -0.06339093, -0.06716818,  0.06809124,
       -0.05241358, -0.08721883, -0.00773855,  0.03666703, -0.1685314 ,
        0.2258561 , -0.07740021, -0.05041986, -0.08552027,  0.04514977,
       -0.10157674,  0.03639551,  0.16446903, -0.37852061,  0.15600793,
        0.17370638, -0.00728191,  0.1716316 ,  0.07204177,  0.01774338,
        0.06200501,  0.04782709, -0.1402743 , -0.15808055,  0.01402621,
       -0.1044399 ,  0.09859635,  0.02232318])]","['./input/1.jpg', array([-0.08952105,  0.05320139,  0.05304963, -0.05704928, -0.16538711,
        0.04152311, -0.04747269, -0.01267491,  0.14866544, -0.12015796,
        0.25372028,  0.04454134, -0.21568979, -0.14728633,  0.03019969,
        0.1426845 , -0.07989145, -0.21014309, -0.0138929 , -0.04513174,
       -0.00933989,  0.04947407,  0.00427507, -0.00356767, -0.17420417,
       -0.35484269, -0.05027984, -0.15037367,  0.04488625, -0.14993677,
        0.00819482,  0.09969854, -0.10469587, -0.04868926,  0.0349821 ,
        0.12572247, -0.14233172, -0.05823259,  0.23667666,  0.08202957,
       -0.19551684,  0.01716338,  0.00723533,  0.29807824,  0.19211   ,
        0.0073747 ,  0.13456199, -0.08765048,  0.16507253, -0.29119796,
        0.05649046,  0.11906205,  0.18084508,  0.04854013,  0.09857687,
       -0.11635423,  0.05691151,  0.09235542, -0.25585064,  0.11003608,
        0.07486728, -0.08648805, -0.09713112, -0.04487512,  0.19316944,
        0.0604887 , -0.06805683, -0.1853281 ,  0.26153558, -0.16966102,
       -0.17318939,  0.16873065, -0.07505594, -0.19383904, -0.21605434,
        0.02881309,  0.30812988,  0.1599206 , -0.17173049,  0.05064055,
        0.02087905, -0.04719572, -0.01129561,  0.09892843, -0.0328054 ,
       -0.07621264, -0.10280725, -0.05215492,  0.24538679, -0.02761936,
        0.0064311 ,  0.17061792,  0.09668077,  0.06166244,  0.08311815,
        0.03642462, -0.07369124,  0.02803878, -0.11626028, -0.04187253,
        0.01559395, -0.11510073, -0.02653606,  0.04338855, -0.17499432,
        0.30083171, -0.08452175, -0.03121556, -0.04809798, -0.07824088,
       -0.04964525,  0.08215123,  0.17226411, -0.27061635,  0.19422452,
        0.18982588,  0.09550706,  0.13914481,  0.12121949,  0.00769034,
        0.00435323, -0.08261587, -0.26975048, -0.15258567, -0.0046459 ,
       -0.1186571 , -0.01172759,  0.05217601])]","['./input/1.jpg', array([-0.1251208 , -0.02015397, -0.01291131, -0.14833054, -0.11868482,
       -0.11038163,  0.01702187, -0.06981421,  0.02911189, -0.0832858 ,
        0.21812676, -0.10208405, -0.29037678, -0.0750698 ,  0.07076466,
        0.07509007, -0.14757404, -0.13511528, -0.06493262, -0.05566831,
        0.02745806,  0.06865887, -0.04634386,  0.08266582, -0.12771322,
       -0.27128878, -0.09094781, -0.04408509,  0.0010109 , -0.06739938,
        0.04868189,  0.18173003, -0.14140078, -0.04840463,  0.09101044,
        0.11581863, -0.07861668, -0.06866447,  0.2462853 ,  0.04759325,
       -0.16211113, -0.05128077,  0.05734847,  0.26673183,  0.10744856,
       -0.03937221,  0.03193085, -0.01519984,  0.0050646 , -0.31756276,
        0.04121597,  0.19012402,  0.12858097,  0.06223645,  0.01309728,
       -0.14726132,  0.04711617,  0.13823825, -0.25709304,  0.06461184,
        0.08035808, -0.19459666, -0.07474405, -0.03780335,  0.17459743,
        0.08395755, -0.13552599, -0.14647748,  0.1842072 , -0.13338496,
       -0.16304791,  0.06942479, -0.08509839, -0.20024429, -0.22766344,
        0.10510787,  0.21879984,  0.12872674, -0.17350771,  0.07167524,
       -0.03681814, -0.07184929,  0.0146838 ,  0.03225702, -0.07158937,
       -0.03451994, -0.07161807,  0.07816285,  0.17489348, -0.03350486,
       -0.0011045 ,  0.22617529,  0.04983017,  0.01413261,  0.10859364,
        0.04050358, -0.001886  , -0.02121848, -0.12175482,  0.06791191,
        0.14162739, -0.18183543, -0.00721077,  0.13031085, -0.18776739,
        0.20273711, -0.03404096, -0.14147322, -0.06182204, -0.10909832,
       -0.09510621,  0.01993407,  0.13785546, -0.27162513,  0.21412341,
        0.21100265,  0.09760692,  0.15859824,  0.09472464, -0.0307622 ,
        0.0662443 , -0.0924047 , -0.18367207, -0.13003676,  0.1215359 ,
        0.01752112, -0.00240258,  0.03472362])]","['./input/1.jpg', array([-0.05593137,  0.10073384,  0.06713545,  0.01132332, -0.11237882,
        0.02836462, -0.01751599, -0.10468589,  0.12627885, -0.06051758,
        0.16409846, -0.05866061, -0.25287199,  0.04241357, -0.02311584,
        0.168054  , -0.13923304, -0.18292275, -0.04587985, -0.02366979,
        0.0167121 ,  0.03970741, -0.0314102 ,  0.08102064, -0.15283389,
       -0.35611156, -0.09899055, -0.06428821, -0.02813983, -0.05148996,
        0.02439877,  0.1024743 , -0.09239621,  0.02231611,  0.09697658,
        0.05005225, -0.09950416, -0.13493419,  0.28518406, -0.03143859,
       -0.26450729, -0.08055919,  0.16652527,  0.23995671,  0.1779329 ,
        0.02572597,  0.03096946, -0.01592615,  0.11802452, -0.33990964,
        0.02882645,  0.15296222,  0.01406197,  0.09324329,  0.02537869,
       -0.20337453, -0.01738432,  0.08725239, -0.21027692,  0.01692262,
        0.04805257, -0.19771479, -0.04656529, -0.04770404,  0.21861742,
        0.16237125, -0.11264693, -0.2196849 ,  0.18889384, -0.25212392,
       -0.06855349,  0.09988554, -0.0746903 , -0.17828789, -0.27383658,
       -0.00690898,  0.44425666,  0.11405917, -0.09090561,  0.0578046 ,
       -0.01493558, -0.04170434,  0.04198882,  0.1229449 , -0.01913906,
       -0.05107797, -0.12291306, -0.02657633,  0.27975047, -0.02737622,
       -0.0297503 ,  0.20528263, -0.00083744,  0.03407961,  0.05876257,
        0.09888683, -0.10834414, -0.00870346, -0.13059601,  0.01437954,
       -0.00719391,  0.01215884,  0.02593055,  0.14967811, -0.14974426,
        0.18516792, -0.0536618 , -0.01529766, -0.00474779, -0.01995537,
       -0.12964569, -0.04937246,  0.16966763, -0.2612977 ,  0.09061196,
        0.07803862,  0.00599712,  0.14365192,  0.08470198,  0.0858179 ,
        0.01533473, -0.05829678, -0.25631696, -0.07596472,  0.06254522,
       -0.04842276,  0.00362486,  0.02417149])]","['./input/1.jpg', array([-0.03710835,  0.04993474,  0.00724725, -0.0658747 , -0.11394966,
        0.06415413, -0.04570151, -0.10086116,  0.14529671, -0.15846561,
        0.11845756, -0.02395279, -0.27440885,  0.04338175, -0.0344655 ,
        0.12772532, -0.11147482, -0.06473683, -0.03783807, -0.03228326,
        0.02095066,  0.11737619,  0.00886505,  0.09417135, -0.09618287,
       -0.29402953, -0.06201594, -0.03875332, -0.0057407 , -0.09857097,
       -0.05428687,  0.06421174, -0.12115972,  0.02054403,  0.05725437,
        0.07390764, -0.11354516, -0.07394554,  0.24503449,  0.12748761,
       -0.21025668, -0.05641184,  0.08685409,  0.24997599,  0.15203051,
       -0.00875134,  0.01533548, -0.09961053,  0.17240962, -0.37292263,
        0.0860628 ,  0.12287367,  0.03696591,  0.06359223,  0.06005301,
       -0.20133047, -0.04593554,  0.13650364, -0.12182221,  0.09202674,
        0.03294126, -0.0756266 , -0.09451373,  0.01523836,  0.19168186,
        0.14029154, -0.09519625, -0.13885528,  0.19564827, -0.1821965 ,
       -0.0690663 ,  0.11233898, -0.05165824, -0.19180964, -0.17880082,
        0.05025105,  0.36997113,  0.14315169, -0.12946811,  0.02283275,
       -0.06690061, -0.02537725,  0.09227967,  0.11880134, -0.02765235,
       -0.00807844, -0.01438799,  0.03099997,  0.22379906, -0.05397894,
        0.01243075,  0.29499644,  0.08364517,  0.04756641,  0.08559379,
        0.05824785, -0.10077474, -0.07712725, -0.20449463, -0.09929724,
        0.08440476, -0.06525075,  0.03607986,  0.15414812, -0.27527428,
        0.20538825, -0.01380896, -0.11863011,  0.1157415 , -0.02250183,
       -0.08931976, -0.0541991 ,  0.15302192, -0.24309854,  0.09788207,
        0.11584596,  0.04755888,  0.15762064,  0.06432074,  0.0727101 ,
        0.07148476, -0.07555199, -0.14348949, -0.07269708,  0.0896043 ,
        0.01929468, -0.08567767, -0.04752005])]","['./input/1.jpg', array([-0.15882421,  0.06586912,  0.03937688, -0.06790681, -0.22917017,
        0.0213775 , -0.06232365, -0.0436775 ,  0.12197237, -0.16913021,
        0.11474457,  0.06158163, -0.17505662,  0.01416228, -0.05789538,
        0.19950631, -0.22588338, -0.18308282, -0.03757257, -0.10182842,
       -0.02020971,  0.01848563,  0.04422726,  0.10281624, -0.10425428,
       -0.36637387, -0.0441478 , -0.05125102,  0.0512284 , -0.04150008,
       -0.04213247,  0.07282975, -0.13893895,  0.02825684,  0.02458164,
        0.05198325, -0.09432646, -0.08817767,  0.2591418 ,  0.06586718,
       -0.2727268 ,  0.03414865,  0.09833673,  0.307648  ,  0.30442953,
        0.00299199,  0.04163036, -0.00089806,  0.22034983, -0.34207603,
        0.04799176,  0.18183695,  0.05494954, -0.01394342,  0.07818776,
       -0.14676234, -0.01163125,  0.13361344, -0.18035188,  0.02377228,
        0.01278946, -0.12242977, -0.03883795, -0.04789196,  0.16115761,
        0.15998536, -0.10110678, -0.21165186,  0.2381945 , -0.19485983,
       -0.05865171,  0.09324105, -0.12001152, -0.18361507, -0.26282969,
        0.0179856 ,  0.35270414,  0.20950367, -0.02509059,  0.07288233,
       -0.00684774, -0.01762748,  0.02251185,  0.17616045, -0.07233287,
       -0.07976153, -0.09854598,  0.02825896,  0.14145651,  0.01195071,
       -0.06294406,  0.22243512,  0.07807592, -0.02295914,  0.0363385 ,
        0.16026631, -0.18672279, -0.01377503, -0.193836  , -0.05826828,
        0.02367195, -0.01011557,  0.02971198,  0.13412444, -0.17682102,
        0.16439779, -0.13773787,  0.00223842, -0.07826634, -0.04786401,
       -0.05671911,  0.0305706 ,  0.04276179, -0.21606885,  0.11990945,
        0.18841261,  0.00285433,  0.16188718,  0.12606436, -0.05126231,
        0.03373473, -0.08602735, -0.17465067, -0.1173181 ,  0.02069935,
       -0.05094329,  0.03310714,  0.0580818 ])]","['./input/1.jpg', array([ -1.36766374e-01,   1.59850016e-01,   1.42752767e-01,
        -5.02988696e-02,  -2.10082248e-01,   1.17095700e-02,
        -9.46667716e-02,  -9.22371671e-02,   2.06192449e-01,
        -1.18638948e-01,   2.75938839e-01,   5.46240546e-02,
        -1.72538400e-01,  -5.36173806e-02,  -2.29505822e-04,
         1.91263735e-01,  -1.11775510e-01,  -6.93442971e-02,
        -1.07016794e-01,  -1.68194100e-01,  -2.03251094e-03,
         1.07401222e-01,   7.77824298e-02,  -1.11732371e-02,
        -1.14242285e-01,  -3.67998719e-01,  -6.08341768e-02,
        -7.84081146e-02,   8.17018747e-02,  -1.08637407e-01,
         4.49120104e-02,   1.94986798e-02,  -2.04372764e-01,
        -7.22021908e-02,   3.94101590e-02,   5.19207492e-02,
        -1.13526039e-01,  -7.57971406e-02,   1.90008819e-01,
        -3.43262404e-02,  -1.54734269e-01,   4.36942652e-02,
         1.86852962e-02,   1.50997773e-01,   1.44075066e-01,
         3.49926762e-03,   9.13106129e-02,  -1.40219495e-01,
         1.25538319e-01,  -1.71957254e-01,   9.56716686e-02,
         1.44548833e-01,   8.75912905e-02,  -2.08178889e-02,
         1.44424558e-01,  -8.43060762e-02,  -1.05335899e-02,
         1.66472510e-01,  -1.95993885e-01,   5.89903891e-02,
         1.25344813e-01,  -3.70472297e-02,  -1.10187776e-01,
        -5.05599976e-02,   1.16420820e-01,   1.07463688e-01,
        -5.44222556e-02,  -1.75494134e-01,   1.92541897e-01,
        -7.51262158e-02,  -3.14540043e-02,   1.06480122e-01,
        -9.22126994e-02,  -2.30867416e-01,  -2.07130909e-01,
         7.93773457e-02,   4.19806331e-01,   1.27511695e-01,
        -1.67082936e-01,   8.01729597e-03,  -8.25057738e-03,
        -6.53524101e-02,   8.45621340e-03,   3.99928018e-02,
        -7.43809864e-02,  -1.04710862e-01,  -3.15852724e-02,
         1.02650173e-01,   1.85506314e-01,  -9.54670366e-03,
        -1.28986910e-02,   2.61507511e-01,   4.44748849e-02,
         8.74706078e-03,  -1.55281564e-02,   2.15992741e-02,
        -1.09439582e-01,   1.42900916e-02,  -1.12155847e-01,
        -2.61073261e-02,   5.69152273e-02,  -4.08035889e-02,
        -3.05738784e-02,   2.38127224e-02,  -1.69687793e-01,
         1.89925432e-01,  -4.46075797e-02,  -4.34459001e-02,
        -5.25928997e-02,  -3.31165567e-02,  -1.35149285e-01,
         3.30131501e-02,   2.00407982e-01,  -1.86465785e-01,
         2.60406107e-01,   1.50410473e-01,   2.16054693e-02,
         1.78263977e-01,   1.28610656e-01,   3.25839743e-02,
         9.32047889e-02,  -9.06169936e-02,  -1.47170320e-01,
        -1.24860518e-01,   6.52839690e-02,  -1.30319402e-01,
         5.44109493e-02,   3.99292409e-02])]","['./input/1.jpg', array([ -1.27701476e-01,   1.55110136e-01,   7.37012401e-02,
        -4.03361693e-02,  -1.60645872e-01,   8.04449711e-03,
        -1.30721599e-01,  -1.25237778e-01,   7.47876167e-02,
        -1.20610230e-01,   1.27269760e-01,  -6.08592927e-02,
        -1.92695111e-01,  -1.80012900e-02,  -6.82686735e-03,
         1.10376202e-01,  -1.17695309e-01,  -2.22849458e-01,
        -8.04687515e-02,  -7.61636421e-02,   2.50299443e-02,
         9.26979184e-02,  -7.70666599e-02,   2.37586126e-02,
        -1.06991440e-01,  -3.70477468e-01,  -8.15306157e-02,
        -7.92622864e-02,   4.33634296e-02,  -5.83989434e-02,
        -3.33490483e-02,   3.48050194e-03,  -9.37410966e-02,
        -1.00010969e-02,   5.64996824e-02,   1.03826821e-02,
        -7.71854296e-02,  -1.93095617e-02,   2.00770125e-01,
         2.42627524e-02,  -1.61196485e-01,   1.05002299e-01,
         4.70959358e-02,   2.96884179e-01,   2.55036354e-01,
         6.93570599e-02,   4.20704745e-02,  -8.56698528e-02,
         1.89758092e-01,  -3.06294560e-01,   7.45520294e-02,
         2.00385571e-01,   1.43116698e-01,   6.13795444e-02,
         1.70837745e-01,  -1.40724868e-01,  -3.18081081e-02,
         1.44639105e-01,  -1.79843917e-01,   1.46003321e-01,
         3.05664707e-02,  -7.44781196e-02,  -5.64175993e-02,
        -8.81838500e-02,   1.95836097e-01,   1.05708629e-01,
        -1.05104901e-01,  -1.22090116e-01,   2.23786116e-01,
        -1.44751966e-01,  -1.36102319e-01,   1.76474154e-02,
        -8.68711770e-02,  -1.54523149e-01,  -2.69367397e-01,
         6.08458705e-02,   3.66575211e-01,   1.72385648e-01,
        -2.68186688e-01,   1.67263076e-02,   3.98203097e-02,
         1.37778949e-02,   4.22534049e-02,   3.66876535e-02,
        -1.55094057e-01,  -1.45658642e-01,  -8.25968459e-02,
        -3.91953513e-02,   2.14005888e-01,   2.89620291e-02,
        -2.87554972e-03,   2.32261747e-01,   6.28011376e-02,
         3.63669544e-02,   8.61800388e-02,   9.45392326e-02,
        -1.32036686e-01,  -1.15026034e-01,  -1.48731619e-01,
        -6.32623881e-02,   4.53364737e-02,  -8.00146684e-02,
        -2.31152326e-02,   1.80605322e-01,  -1.82021901e-01,
         2.53872693e-01,  -8.61622170e-02,  -1.24310143e-04,
        -8.45136195e-02,   1.64852589e-02,  -2.38489266e-02,
         5.19903377e-02,   1.48296401e-01,  -1.93095848e-01,
         1.46799579e-01,   1.55751422e-01,   2.44061984e-02,
         1.42728269e-01,   5.40756136e-02,  -1.76058747e-02,
        -1.82597600e-02,  -1.16002504e-02,  -1.87027454e-01,
        -1.86251804e-01,   3.52317169e-02,  -2.98406705e-02,
        -4.44217473e-02,   9.47801769e-02])]","['./input/1.jpg', array([ -1.85191736e-01,   9.38269570e-02,   9.24189389e-02,
        -6.19369298e-02,  -1.52235761e-01,   3.34292650e-03,
        -2.41422933e-02,  -1.00911558e-01,   4.49418426e-02,
        -9.17523950e-02,   2.07971334e-01,  -3.88240553e-02,
        -2.67096013e-01,  -3.63724269e-02,   2.36270688e-02,
         1.07368559e-01,  -1.16880693e-01,  -1.98665515e-01,
        -7.96651691e-02,  -9.68780182e-03,   4.14666757e-02,
         1.89562682e-02,  -7.94408396e-02,   2.11559944e-02,
        -1.87760592e-01,  -3.62416983e-01,  -8.91212821e-02,
        -1.08733540e-02,  -1.61783304e-03,  -1.08188309e-01,
        -1.70972589e-02,   7.89140835e-02,  -1.50457025e-01,
        -2.66063958e-02,   3.43424454e-02,   6.27821982e-02,
        -5.90102673e-02,  -7.05795661e-02,   2.39486501e-01,
         2.47993097e-02,  -2.61232615e-01,   4.18460928e-04,
         1.16233490e-01,   2.80328125e-01,   1.58737004e-01,
         2.97613442e-02,   1.56871378e-02,   3.03773843e-02,
         1.66903436e-01,  -3.47125381e-01,   7.42384940e-02,
         1.61854088e-01,   2.15691403e-01,   1.02929622e-01,
         2.87110731e-02,  -1.16597325e-01,  -4.46516648e-03,
         1.34205922e-01,  -2.24017471e-01,   7.90794641e-02,
         8.44106823e-02,  -1.86518788e-01,  -5.69429174e-02,
        -9.88140330e-02,   1.59877896e-01,   1.45768926e-01,
        -1.44295588e-01,  -9.18297246e-02,   1.57224923e-01,
        -1.53831303e-01,  -1.06168434e-01,   4.41635586e-02,
        -8.34705383e-02,  -1.86071932e-01,  -2.80876607e-01,
         9.39066559e-02,   2.75939733e-01,   1.79306209e-01,
        -2.04864711e-01,  -6.15190566e-02,   2.69604903e-02,
         7.09120976e-03,  -5.17068431e-03,   8.64718631e-02,
        -1.08622432e-01,  -2.34773569e-02,  -4.86741439e-02,
         1.34575833e-02,   2.50614375e-01,   2.56892405e-02,
         9.96268168e-03,   2.73836821e-01,   8.87203217e-02,
         4.95737381e-02,   5.50911576e-02,   1.09258793e-01,
        -5.62383980e-02,  -1.06324494e-01,  -8.62535089e-02,
         7.69950226e-02,   3.75020243e-02,  -9.10807177e-02,
         7.72357546e-03,   1.61182731e-01,  -1.79960579e-01,
         2.51151174e-01,  -6.54939413e-02,   5.90292271e-03,
        -2.99058743e-02,  -3.26859951e-02,  -2.19433755e-02,
        -3.75001989e-02,   6.67838976e-02,  -2.22099960e-01,
         1.20015249e-01,   1.94998145e-01,  -1.24885933e-02,
         1.11482628e-01,   6.56332225e-02,  -8.62119719e-03,
         1.91898439e-02,  -2.74059027e-02,  -1.69188291e-01,
        -1.72939420e-01,   1.35283142e-01,  -8.21653679e-02,
        -2.58754939e-04,   2.68945154e-02])]","['./input/1.jpg', array([-0.12748405,  0.11192821,  0.11020419, -0.03022057, -0.19873767,
        0.03360552, -0.04339544, -0.03822243,  0.22138138, -0.14915617,
        0.12036185, -0.04788462, -0.26945394,  0.08759841, -0.12642212,
        0.17497486, -0.10687365, -0.12278028, -0.04109597, -0.13085409,
        0.08641761,  0.0281105 , -0.0286291 ,  0.10085955, -0.17929269,
       -0.3120352 , -0.06337801, -0.06139164, -0.10597517, -0.18381286,
       -0.02069964,  0.10476173, -0.0981709 ,  0.01053855, -0.00080731,
        0.05128077, -0.01217433, -0.0566536 ,  0.22328438, -0.02432603,
       -0.24140672,  0.03392611,  0.12284786,  0.26512009,  0.21220872,
       -0.03373596,  0.04189857, -0.05002932,  0.25445157, -0.3183918 ,
       -0.00833909,  0.15416744,  0.05416252,  0.06761678,  0.12841819,
       -0.17359261, -0.0567531 ,  0.13570136, -0.04008439,  0.07358756,
        0.02954178, -0.14363647, -0.04719955, -0.05928095,  0.1647619 ,
        0.0748261 , -0.10812361, -0.19017801,  0.21581395, -0.16160086,
       -0.04023386,  0.18783312, -0.11979282, -0.16269758, -0.22033048,
        0.04391273,  0.45147276,  0.12082236, -0.15121192,  0.03369454,
       -0.09340647,  0.01175154, -0.02867712,  0.11975228, -0.0106181 ,
       -0.0157496 , -0.10784018,  0.05354777,  0.27552044, -0.01775756,
       -0.01255913,  0.2423106 ,  0.10151371,  0.03751707,  0.00973541,
        0.11617032, -0.17607281, -0.05626978, -0.14765154, -0.0182168 ,
        0.03251418, -0.05202385, -0.05606563,  0.1029598 , -0.24590901,
        0.21486396, -0.09519373, -0.00958002, -0.11794406,  0.02043612,
       -0.05614318,  0.10912138,  0.16742554, -0.28139833,  0.09568796,
        0.12115695,  0.00512097,  0.13545223,  0.00695839,  0.01888817,
        0.02776013, -0.07339627, -0.12029219, -0.13339972,  0.04347537,
       -0.07458971, -0.02895454,  0.01272848])]","['./input/1.jpg', array([-0.23195063,  0.06451337,  0.04977927, -0.00169825, -0.06032202,
       -0.04666027,  0.01827509, -0.08404832,  0.16944177, -0.02006937,
        0.08857577,  0.07551983, -0.2073271 , -0.0459425 , -0.00387245,
        0.0997768 , -0.07600084, -0.19308996, -0.11701053, -0.09934506,
        0.03848222,  0.03544714, -0.03413134,  0.07165196, -0.17446053,
       -0.30833417, -0.10698556, -0.03301653,  0.01700704, -0.03817613,
       -0.03287392,  0.06898165, -0.21479285, -0.10459092,  0.05374035,
        0.09352892, -0.0570345 , -0.04638929,  0.22563915,  0.05988729,
       -0.18074228,  0.03659276,  0.08446583,  0.31030777,  0.25417641,
        0.02453777,  0.05004782, -0.0304031 ,  0.20799257, -0.28081983,
        0.06040033,  0.15987709,  0.16497387,  0.04737633,  0.10668422,
       -0.12665032, -0.02093064,  0.12138535, -0.19764908,  0.12233759,
        0.03962573, -0.12171136, -0.07327265, -0.06332727,  0.08003641,
        0.09957316, -0.0857942 , -0.18206759,  0.2047268 , -0.19175485,
       -0.02289637,  0.12638716, -0.09618672, -0.22051555, -0.29724315,
        0.13979922,  0.4468143 ,  0.19255835, -0.13930422,  0.01835009,
       -0.01394209, -0.02038786,  0.04050465,  0.03669371, -0.13857231,
       -0.03694716, -0.1117819 ,  0.03460559,  0.27625853,  0.11034299,
       -0.07778898,  0.1926526 ,  0.07486239,  0.02418823,  0.0423985 ,
        0.1008714 , -0.1145134 , -0.0398461 , -0.17023163, -0.01934502,
        0.04799727, -0.03931173,  0.05113574,  0.13761008, -0.09362618,
        0.16240969, -0.06007041,  0.00317933, -0.10685328,  0.0148999 ,
       -0.17612337,  0.0006375 ,  0.07361861, -0.18508381,  0.13243084,
        0.14201841, -0.02238449,  0.08311832,  0.07910208,  0.01167583,
        0.02598241,  0.02713566, -0.11867075, -0.12356314,  0.11529195,
       -0.02482948,  0.09562913,  0.0285717 ])]","['./input/1.jpg', array([-0.0512529 ,  0.09632741,  0.07472208, -0.05467611, -0.18723801,
       -0.02046569,  0.04018865, -0.07045148,  0.1938999 , -0.11515053,
        0.26608804, -0.07914887, -0.28533092, -0.03103613, -0.06441689,
        0.20109488, -0.18485358, -0.0941739 , -0.00890698, -0.04790878,
        0.07472365,  0.04639775,  0.04651544,  0.07682523, -0.17550705,
       -0.38663223, -0.02987292, -0.10458426, -0.07487923, -0.07649889,
        0.02696332,  0.15317328, -0.13307282,  0.01793901,  0.07644518,
        0.05897177, -0.08353748, -0.00957265,  0.21549049,  0.02124146,
       -0.25696746, -0.02801297,  0.08299369,  0.22040969,  0.19209413,
       -0.01249735,  0.04194919, -0.12270532,  0.1600088 , -0.29292804,
        0.02872719,  0.12793514,  0.05365223,  0.03244345,  0.11514809,
       -0.15788645, -0.05806317,  0.14631721, -0.24475017,  0.04114926,
        0.09454313, -0.11910404, -0.09013588, -0.10540522,  0.18308711,
        0.10423854, -0.17732172, -0.15925708,  0.18915845, -0.21156301,
       -0.03946283,  0.16973262, -0.07014333, -0.25178614, -0.22788577,
        0.03606978,  0.36550072,  0.16639325, -0.15780815, -0.03868788,
        0.00759928,  0.00879877,  0.06788793,  0.1493613 ,  0.01729103,
       -0.00403492, -0.08036961,  0.0117604 ,  0.1182555 , -0.06897372,
       -0.01827494,  0.31789061, -0.0201077 ,  0.05743005,  0.01149817,
        0.05241519, -0.1544209 ,  0.02542411, -0.16296795, -0.00477267,
       -0.03401296, -0.06383052, -0.01452801,  0.02962358, -0.12360672,
        0.15544221, -0.11979562, -0.02936412, -0.09365283, -0.08661149,
       -0.07421367,  0.03011819,  0.13055789, -0.31567639,  0.18604775,
        0.08655798, -0.00807216,  0.18482715,  0.04801666,  0.02519906,
        0.02669396, -0.1405845 , -0.15910695, -0.0559339 ,  0.07816117,
       -0.11506926,  0.04416315, -0.08575358])]","['./input/1.jpg', array([-0.06504679,  0.04384791,  0.03135027, -0.11180349, -0.13418958,
        0.01350897,  0.03145518, -0.11040594,  0.14515316, -0.13079473,
        0.1654771 , -0.08937946, -0.27118111,  0.02815185, -0.01921092,
        0.15178147, -0.18516907, -0.15315342, -0.11760098, -0.06682321,
        0.00737491,  0.0289346 ,  0.00092396,  0.06283035, -0.13226366,
       -0.28192019, -0.04148529, -0.11176571,  0.06398399, -0.0728437 ,
        0.02237947,  0.08943725, -0.15518419,  0.01926059,  0.05680389,
        0.00469992, -0.06796151, -0.10798679,  0.2768935 ,  0.00928579,
       -0.16968076,  0.00683273, -0.00312138,  0.21257742,  0.16119276,
       -0.01551104,  0.06520869, -0.1478951 ,  0.14867586, -0.34411004,
        0.04427776,  0.18469335,  0.03333398,  0.05560287, -0.02949391,
       -0.15628695,  0.03495418,  0.18056761, -0.2503444 ,  0.10158874,
        0.10880499, -0.13021648, -0.12315176,  0.00155101,  0.17272477,
        0.0757025 , -0.17166381, -0.14594863,  0.19036478, -0.1384809 ,
       -0.03217473,  0.02982793, -0.09732027, -0.20220029, -0.18846342,
        0.06374428,  0.37602392,  0.09432014, -0.19213958,  0.02521489,
       -0.13692611, -0.00526914,  0.03367826,  0.09138677, -0.05189259,
       -0.17077687, -0.07765103,  0.03621416,  0.19515069, -0.0938201 ,
        0.04542377,  0.26325175,  0.06633222, -0.05803232, -0.0121168 ,
        0.12182456, -0.14161241, -0.0226045 , -0.08036336,  0.00130816,
        0.06508625, -0.04539443, -0.03373323,  0.13074267, -0.24197181,
        0.26441073, -0.07160659, -0.10985265,  0.02712216, -0.15145594,
       -0.02294516, -0.03649282,  0.14723685, -0.23834924,  0.13337258,
        0.20246445,  0.07816771,  0.18494217,  0.03598041,  0.03775821,
        0.07640152, -0.0183305 , -0.23729874, -0.10791487,  0.0926382 ,
        0.0159275 , -0.09701035, -0.00717609])]","['./input/1.jpg', array([-0.04617181,  0.00451399, -0.02289911, -0.05523131, -0.09541281,
        0.03946641,  0.01707784, -0.09363534,  0.16876313, -0.09778166,
        0.18516311, -0.02966752, -0.35309032, -0.09849857,  0.0779231 ,
        0.08491884, -0.0764932 , -0.0326001 , -0.15533723, -0.07689989,
        0.08314115,  0.04893038,  0.05981291,  0.0494879 , -0.22993624,
       -0.23145582, -0.07495904, -0.13379148,  0.0539548 , -0.11937855,
       -0.0175243 ,  0.10738586, -0.12837169, -0.07773639,  0.01176507,
        0.02437473, -0.11038223, -0.09434913,  0.29168841, -0.04259582,
       -0.18203478, -0.04420657,  0.01958762,  0.12411374,  0.14978863,
       -0.02796467,  0.07480003, -0.07671613,  0.17930238, -0.32884774,
        0.06673331,  0.12115659,  0.09413552,  0.09342586,  0.06039146,
       -0.2639201 ,  0.02021407,  0.15120323, -0.23834172,  0.08934648,
        0.02856968, -0.13076034, -0.09460314,  0.02802805,  0.12220595,
        0.09924573, -0.10617378, -0.18481505,  0.1799164 , -0.16958818,
        0.00354873,  0.16901   , -0.11950724, -0.2289412 , -0.24364002,
        0.04874233,  0.36453366,  0.15019727, -0.20187223,  0.02131215,
       -0.09581985, -0.05233972,  0.05413043,  0.02452709, -0.02863646,
       -0.06326434, -0.07582012,  0.0301501 ,  0.19744328, -0.09036938,
       -0.01558129,  0.28883362,  0.12678272,  0.06863461,  0.07102159,
        0.03182448, -0.11921163, -0.05865124, -0.09086184,  0.04657195,
        0.09384055, -0.11893567,  0.03096556,  0.06354779, -0.13973549,
        0.3065761 , -0.0121172 , -0.0531823 , -0.03252841, -0.10176364,
       -0.14581963,  0.03794141,  0.1992249 , -0.25704262,  0.17992344,
        0.11555377,  0.06850952,  0.17937651,  0.08852638,  0.0845379 ,
        0.03882073,  0.01435061, -0.20894741, -0.09623004,  0.13433452,
       -0.04962601,  0.01725992,  0.00812543])]","['./input/1.jpg', array([ -1.33277833e-01,   7.54194558e-02,   8.18513632e-02,
        -5.19223362e-02,  -1.11365043e-01,  -2.28279959e-02,
        -7.64535069e-02,  -2.65924819e-02,   1.51104540e-01,
        -1.12414062e-01,   2.09945634e-01,   4.84257415e-02,
        -1.86992675e-01,   2.49401685e-02,  -7.59927034e-02,
         7.58636743e-02,  -1.32622555e-01,  -1.12939909e-01,
        -3.73740196e-02,  -1.28368631e-01,   3.13482769e-02,
         1.49656031e-02,  -2.15673726e-02,   7.71479681e-02,
        -1.21571928e-01,  -3.11368942e-01,  -9.71443951e-02,
        -1.23167947e-01,   7.13581685e-03,  -8.94230902e-02,
         6.55646697e-02,   6.55752346e-02,  -8.65458548e-02,
         1.91475712e-02,  -1.89459510e-02,   1.29620805e-01,
        -6.84564784e-02,  -2.30366699e-02,   2.56158143e-01,
         1.83432903e-02,  -5.55062704e-02,   1.05417207e-01,
         1.53946318e-03,   3.68571341e-01,   1.73777938e-01,
         5.93926683e-02,   8.86779726e-02,  -2.57224683e-02,
         2.10544005e-01,  -2.50323921e-01,   9.83199477e-02,
         1.72800660e-01,   1.35959461e-01,   1.54693881e-02,
         1.49696842e-01,  -1.50113195e-01,  -6.05610386e-03,
         1.54822767e-01,  -1.28703058e-01,   1.72250241e-01,
         1.06381951e-02,  -5.72008640e-02,  -6.39206469e-02,
        -1.11418404e-01,   1.88635439e-01,   9.38421562e-02,
        -1.47517309e-01,  -9.41547230e-02,   1.87877148e-01,
        -1.43602401e-01,  -1.12853564e-01,   5.69462776e-02,
        -1.70568496e-01,  -1.63572282e-01,  -2.43166715e-01,
         1.12864360e-01,   4.34400707e-01,   1.64984703e-01,
        -1.64019406e-01,   4.33897749e-02,  -4.11209418e-03,
        -3.21542025e-02,   3.00767366e-02,   7.79779553e-02,
        -1.16901100e-01,  -1.06586009e-01,  -1.26462609e-01,
         2.03385763e-02,   1.93331912e-01,   4.72875684e-02,
        -6.80071339e-02,   1.62923172e-01,   3.69600430e-02,
         6.20565042e-02,  -1.28603447e-02,   9.13660042e-05,
        -1.36275962e-01,  -3.09542734e-02,  -1.50484741e-01,
        -1.32060852e-02,   1.27890976e-02,  -8.66225958e-02,
        -6.97005987e-02,   5.65425456e-02,  -1.68176830e-01,
         1.68404251e-01,  -4.61827777e-02,   3.83246224e-03,
        -6.85596094e-02,   8.60524550e-02,  -2.08692729e-01,
         4.91033755e-02,   2.09993109e-01,  -2.36205697e-01,
         1.70135602e-01,   1.77578256e-01,   7.41741583e-02,
         1.39862821e-01,   1.46520391e-01,   2.23274119e-02,
         2.01295651e-02,   6.41068630e-03,  -1.97268561e-01,
        -1.25158682e-01,   7.38617033e-03,  -1.00636790e-02,
         2.95788869e-02,   6.57144934e-02])]","['./input/1.jpg', array([-0.19327541, -0.01950249,  0.03184083, -0.09425113, -0.20574902,
       -0.00668772,  0.00597996, -0.08152139,  0.10596142, -0.1101773 ,
        0.2495566 , -0.06198172, -0.3025744 , -0.04214148,  0.0236832 ,
        0.0967548 , -0.09999478, -0.13405627, -0.07335786, -0.09260066,
        0.03564119,  0.02555081, -0.08237302,  0.0745915 , -0.2341845 ,
       -0.26365811, -0.06844552, -0.08691084, -0.06243557, -0.13235569,
        0.05337665,  0.0930142 , -0.10511985, -0.04834203,  0.05673743,
        0.09026766, -0.07199366, -0.03355442,  0.23752798, -0.00222613,
       -0.19763294,  0.0384853 ,  0.06641859,  0.2921946 ,  0.14953765,
       -0.02792358,  0.04120638, -0.1156228 ,  0.19747442, -0.31686607,
        0.034948  ,  0.17769371,  0.13992253,  0.06452509,  0.04078212,
       -0.12521113,  0.06788627,  0.18384804, -0.22752811,  0.10048358,
        0.1182512 , -0.14790405, -0.00423414,  0.00111656,  0.16562608,
        0.05187061, -0.12678094, -0.14271568,  0.12722619, -0.14327805,
       -0.10120095,  0.12573636, -0.12500939, -0.24547954, -0.2618219 ,
        0.10515474,  0.33675039,  0.12188482, -0.22176383,  0.00194621,
       -0.07946324, -0.0151693 ,  0.05680211,  0.03065521, -0.05115863,
       -0.12017564, -0.12355279,  0.0387269 ,  0.28121603, -0.04514919,
        0.06782846,  0.27706313,  0.15128152, -0.02863614,  0.09756637,
        0.10968791, -0.14650916, -0.04899753, -0.08229072,  0.0145239 ,
        0.06747208, -0.12130324,  0.05484967,  0.08044057, -0.2535553 ,
        0.29957101, -0.06944606, -0.06800952, -0.08583086, -0.12655893,
       -0.03989688,  0.0465596 ,  0.16275153, -0.24861212,  0.16064915,
        0.14972311,  0.10848317,  0.16692397,  0.06458544, -0.03032434,
       -0.03661524, -0.02054988, -0.11408868, -0.08048641,  0.07069588,
       -0.04875565,  0.0339331 ,  0.00636376])]","['./input/1.jpg', array([-0.16277356,  0.0884286 ,  0.10485318, -0.01920248, -0.00443944,
       -0.0704363 , -0.05413862, -0.09380056,  0.1128758 , -0.10584981,
        0.21900138, -0.02858448, -0.17658357, -0.1367778 , -0.06770934,
        0.07544741, -0.12491577, -0.18588164, -0.06195419, -0.07645202,
        0.09870252, -0.02196204,  0.0314765 , -0.00279485, -0.17161849,
       -0.38533548, -0.09279217, -0.10536462,  0.00585847, -0.0194279 ,
       -0.0252982 ,  0.0042937 , -0.19097766, -0.05789039,  0.00723496,
        0.06916389, -0.01028179, -0.01145198,  0.15837894,  0.00806837,
       -0.10318109, -0.05248531,  0.08081795,  0.28006351,  0.2034898 ,
        0.07225176,  0.0910482 , -0.04536893,  0.10743924, -0.17560652,
        0.0491873 ,  0.13799378,  0.15786751,  0.09409245,  0.13967912,
       -0.14145331,  0.0311356 ,  0.08148732, -0.08784705,  0.10542101,
        0.00695933, -0.03008278, -0.01810077,  0.00355821,  0.24268954,
        0.00976415, -0.10707702, -0.14819679,  0.17243826, -0.09346854,
       -0.030379  ,  0.07472077, -0.13858867, -0.1759447 , -0.22584203,
        0.07988673,  0.44726464,  0.13434346, -0.15945855,  0.05171099,
       -0.12306221, -0.04886658,  0.06557512,  0.02699336, -0.08754964,
        0.02770664, -0.15754785,  0.01811027,  0.21912019, -0.00273157,
       -0.08443752,  0.12788624, -0.02344226,  0.0382226 ,  0.0310817 ,
       -0.01409122, -0.16375388,  0.10054073, -0.13137838, -0.03879112,
        0.04094507, -0.04692102, -0.01916098,  0.04543627, -0.09818942,
        0.0876655 , -0.00847027,  0.00874958, -0.08270723,  0.03005761,
       -0.18985677, -0.03106394,  0.07124698, -0.23432343,  0.17528719,
        0.17775202,  0.10776642,  0.16582996,  0.14891335,  0.00796836,
        0.07870359,  0.03040447, -0.09772377, -0.07938195,  0.03498028,
        0.00675252,  0.07996427,  0.02429803])]","['./input/1.jpg', array([-0.16248345,  0.07151396,  0.03785298, -0.05686206, -0.0196474 ,
       -0.09344013,  0.09144475, -0.14437158,  0.17592789, -0.05404065,
        0.23031081, -0.03220442, -0.33062747, -0.13286936,  0.08729818,
        0.0982703 , -0.19069472, -0.09616408, -0.11442931, -0.03894291,
        0.05065056, -0.00687784,  0.11101439,  0.01973026, -0.19364387,
       -0.41159388, -0.0870751 , -0.09838987,  0.03727259, -0.09264152,
        0.08667952,  0.11915591, -0.13259856, -0.06032013, -0.03261598,
        0.05888098, -0.09019399, -0.07249571,  0.29567698, -0.01378237,
       -0.21574157, -0.07635009,  0.04505184,  0.29950306,  0.20928738,
       -0.05333722,  0.09255666, -0.09093871,  0.12046564, -0.24249877,
        0.09595241,  0.09064505,  0.13406438,  0.06175264,  0.10838482,
       -0.121042  ,  0.02293959,  0.122357  , -0.27816173,  0.08275148,
        0.18446127, -0.11284898, -0.06380854, -0.03849094,  0.16964361,
        0.08212221, -0.13373472, -0.09127053,  0.18351997, -0.14624129,
       -0.0389353 ,  0.08745256, -0.12258257, -0.19832452, -0.33823752,
        0.01542713,  0.31218049,  0.13011806, -0.12851164, -0.06487133,
       -0.10956024, -0.01930607,  0.05784483,  0.04379543, -0.13916461,
       -0.04748798, -0.11073916,  0.08337303,  0.15340719,  0.04038914,
       -0.08915052,  0.24100924,  0.06714071, -0.02796948,  0.04076393,
        0.05139054, -0.12885498, -0.00177577, -0.14247364,  0.01936525,
        0.09873881, -0.1516563 ,  0.06298204,  0.12625423, -0.17334904,
        0.25735131,  0.02095166,  0.02020069,  0.05530395, -0.0373734 ,
       -0.13780959, -0.00466489,  0.13041814, -0.24884795,  0.15698187,
        0.15441582,  0.06978358,  0.12381268,  0.0286838 ,  0.06170842,
       -0.06301837,  0.00883491, -0.19701426, -0.01158393,  0.0811592 ,
        0.02160244,  0.1194697 ,  0.06050354])]","['./input/1.jpg', array([-0.08794228,  0.12245479, -0.05645861, -0.08328797, -0.08202594,
       -0.02597597, -0.01143025, -0.11547934,  0.19242282, -0.00275149,
        0.21963075,  0.03589356, -0.24394816, -0.11112403,  0.00086498,
        0.11861721, -0.26472241, -0.05339919, -0.10132084, -0.08999762,
        0.10862115,  0.02156615,  0.05262605,  0.1064212 , -0.20733565,
       -0.28961143, -0.04174582, -0.10242108,  0.07408524, -0.12008261,
       -0.01033385,  0.07420751, -0.18327883, -0.05268998,  0.04119021,
       -0.00256367, -0.00732943, -0.09171806,  0.2131476 , -0.00745127,
       -0.13250746,  0.06350215,  0.0468814 ,  0.2098355 ,  0.21426295,
       -0.01994356,  0.06162634, -0.07993636,  0.17692088, -0.21483724,
        0.05247312,  0.19406958,  0.13440663, -0.01087609,  0.06314445,
       -0.20217606,  0.0028366 ,  0.15884748, -0.21961069,  0.10368378,
        0.08437854, -0.10661215, -0.06277247, -0.00405948,  0.05867657,
        0.0321202 , -0.14695846, -0.09093451,  0.10798603, -0.07471929,
        0.03384461,  0.02453644, -0.13766475, -0.29052192, -0.22061671,
        0.08157478,  0.37519425,  0.15048213, -0.21603408,  0.0592436 ,
       -0.08605208, -0.03124711,  0.04817591,  0.0303384 , -0.10239089,
       -0.12156269, -0.1334381 ,  0.11239896,  0.15539092,  0.00742719,
        0.01796008,  0.29707325,  0.01933895, -0.03426989, -0.00605253,
        0.07081264, -0.16469482,  0.04102615, -0.02417739,  0.05870872,
        0.08650929, -0.17694816, -0.00636783,  0.05207906, -0.20295368,
        0.15059961,  0.01349427, -0.01809936, -0.02285947, -0.06600074,
       -0.13871683,  0.00884482,  0.13621457, -0.24771431,  0.25870147,
        0.18787797,  0.0548625 ,  0.20217416,  0.04554617,  0.05298765,
        0.06012398, -0.025235  , -0.10981082, -0.09505504,  0.08004347,
       -0.07053486,  0.06743056, -0.00728188])]"
